page_title	query_id	query_text
Chocolate	query_0	Chocolate / Etymology
Chocolate	query_1	Chocolate / History
Chocolate	query_2	Chocolate / History / Mesoamerican usage
Chocolate	query_3	Chocolate / History / European adaptation
Chocolate	query_4	Chocolate / History / Storage
Chocolate	query_5	Chocolate / Nutrition and research
Chocolate	query_6	Chocolate / Nutrition and research / Nutrition
Chocolate	query_7	Chocolate / Nutrition and research / Research
Chocolate	query_8	Chocolate / Labeling
Chocolate	query_9	Chocolate / Industry
Chocolate	query_10	Chocolate / Industry / Manufacturers
Chocolate	query_11	Chocolate / Industry / Human trafficking of child labourers
Chocolate	query_12	Chocolate / Industry / Fair trade
Chocolate	query_13	Chocolate / Usage and consumption
Chocolate	query_14	Chocolate / Popular culture
Chocolate	query_15	Chocolate / Popular culture / Religious and cultural links
Chocolate	query_16	Chocolate / Popular culture / Books and film
Heavy water	query_17	Heavy water / Explanation
Heavy water	query_18	Heavy water / Other heavy forms of water
Heavy water	query_19	Heavy water / Other heavy forms of water / Semiheavy water
Heavy water	query_20	Heavy water / Other heavy forms of water / Heavy-oxygen water
Heavy water	query_21	Heavy water / Other heavy forms of water / Tritiated water
Heavy water	query_22	Heavy water / Physical properties
Heavy water	query_23	Heavy water / History
Heavy water	query_24	Heavy water / Effect on biological systems
Heavy water	query_25	Heavy water / Effect on biological systems / Effect on animals
Heavy water	query_26	Heavy water / Effect on biological systems / Toxicity in humans
Heavy water	query_27	Heavy water / Effect on biological systems / Heavy water radiation contamination confusion
Heavy water	query_28	Heavy water / Production
Heavy water	query_29	Heavy water / Production / Argentina
Heavy water	query_30	Heavy water / Production / Soviet Union
Heavy water	query_31	Heavy water / Production / United States
Heavy water	query_32	Heavy water / Production / India
Heavy water	query_33	Heavy water / Production / Empire of Japan
Heavy water	query_34	Heavy water / Production / Norway
Heavy water	query_35	Heavy water / Production / Canada
Heavy water	query_36	Heavy water / Production / Iran
Heavy water	query_37	Heavy water / Production / Pakistan
Heavy water	query_38	Heavy water / Production / Other countries
Heavy water	query_39	Heavy water / Applications
Heavy water	query_40	Heavy water / Applications / Nuclear magnetic resonance
Heavy water	query_41	Heavy water / Applications / Organic chemistry
Heavy water	query_42	Heavy water / Applications / Fourier transform spectroscopy
Heavy water	query_43	Heavy water / Applications / Neutron moderator
Heavy water	query_44	Heavy water / Applications / Neutrino detector
Heavy water	query_45	Heavy water / Applications / Metabolic rate testing in physiology/biology
Heavy water	query_46	Heavy water / Applications / Tritium production
Sugar	query_47	Sugar / Etymology
Sugar	query_48	Sugar / History
Sugar	query_49	Sugar / History / Ancient times and Middle Ages
Sugar	query_50	Sugar / History / Modern history
Sugar	query_51	Sugar / Chemistry
Sugar	query_52	Sugar / Chemistry / Natural polymers of sugars
Sugar	query_53	Sugar / Chemistry / Flammability
Sugar	query_54	Sugar / Types of sugar
Sugar	query_55	Sugar / Types of sugar / Monosaccharides
Sugar	query_56	Sugar / Types of sugar / Disaccharides
Sugar	query_57	Sugar / Production
Sugar	query_58	Sugar / Production / Sugar beet
Sugar	query_59	Sugar / Production / Sugarcane
Sugar	query_60	Sugar / Production / Refining
Sugar	query_61	Sugar / Production / Producing countries
Sugar	query_62	Sugar / Forms and uses
Sugar	query_63	Sugar / Consumption
Sugar	query_64	Sugar / Health effects
Sugar	query_65	Sugar / Health effects / Addiction
Sugar	query_66	Sugar / Health effects / Alzheimer's disease
Sugar	query_67	Sugar / Health effects / Blood glucose levels
Sugar	query_68	Sugar / Health effects / Cardiovascular disease
Sugar	query_69	Sugar / Health effects / Hyperactivity
Sugar	query_70	Sugar / Health effects / Obesity and diabetes
Sugar	query_71	Sugar / Health effects / Tooth decay
Sugar	query_72	Sugar / Recommended dietary intake
Sugar	query_73	Sugar / Measurements
Thermal runaway	query_74	Thermal runaway / Chemical engineering
Thermal runaway	query_75	Thermal runaway / Microwave heating
Thermal runaway	query_76	Thermal runaway / Electrical engineering
Thermal runaway	query_77	Thermal runaway / Electrical engineering / Semiconductors
Thermal runaway	query_78	Thermal runaway / Electrical engineering / Bipolar junction transistors (BJTs)
Thermal runaway	query_79	Thermal runaway / Electrical engineering / Power MOSFETs
Thermal runaway	query_80	Thermal runaway / Electrical engineering / Metal oxide varistors (MOVs)
Thermal runaway	query_81	Thermal runaway / Electrical engineering / Tantalum capacitors
Thermal runaway	query_82	Thermal runaway / Electrical engineering / Digital logic
Thermal runaway	query_83	Thermal runaway / Electrical engineering / Batteries
Thermal runaway	query_84	Thermal runaway / Astrophysics
Thermal runaway	query_85	Thermal runaway / Astrophysics / Helium flashes in red giant stars
Thermal runaway	query_86	Thermal runaway / Astrophysics / Novae
Thermal runaway	query_87	Thermal runaway / Astrophysics / X-ray bursts
Thermal runaway	query_88	Thermal runaway / Astrophysics / Type Ia supernovae
Thermal runaway	query_89	Thermal runaway / Astrophysics / Pair-instability supernovae
Thermal runaway	query_90	Thermal runaway / Astrophysics / Comparison to nonrunaway supernovae
Noise-induced hearing loss	query_91	Noise-induced hearing loss / Signs and symptoms
Noise-induced hearing loss	query_92	Noise-induced hearing loss / Signs and symptoms / Temporary and permanent
Noise-induced hearing loss	query_93	Noise-induced hearing loss / Signs and symptoms / Tinnitus
Noise-induced hearing loss	query_94	Noise-induced hearing loss / Signs and symptoms / Physiological response
Noise-induced hearing loss	query_95	Noise-induced hearing loss / Signs and symptoms / Quality of life
Noise-induced hearing loss	query_96	Noise-induced hearing loss / Signs and symptoms / Quality of life / Negative impacts
Noise-induced hearing loss	query_97	Noise-induced hearing loss / Signs and symptoms / Quality of life / Quality of life questionnaire
Noise-induced hearing loss	query_98	Noise-induced hearing loss / Cause
Noise-induced hearing loss	query_99	Noise-induced hearing loss / Cause / Acute acoustic trauma
Noise-induced hearing loss	query_100	Noise-induced hearing loss / Cause / Acute acoustic trauma / Perceived harmfulness vs. actual harmfulness
Noise-induced hearing loss	query_101	Noise-induced hearing loss / Cause / Gradually developing
Noise-induced hearing loss	query_102	Noise-induced hearing loss / Cause / Workplace
Noise-induced hearing loss	query_103	Noise-induced hearing loss / Cause / Workplace / Among musicians
Noise-induced hearing loss	query_104	Noise-induced hearing loss / Cause / Workplace / Workplace standards
Noise-induced hearing loss	query_105	Noise-induced hearing loss / Mechanisms
Noise-induced hearing loss	query_106	Noise-induced hearing loss / Mechanisms / Hair cell damage or death
Noise-induced hearing loss	query_107	Noise-induced hearing loss / Mechanisms / Nerve damage
Noise-induced hearing loss	query_108	Noise-induced hearing loss / Mechanisms / Individual susceptibility towards noise
Noise-induced hearing loss	query_109	Noise-induced hearing loss / Diagnosis
Noise-induced hearing loss	query_110	Noise-induced hearing loss / Prevention
Noise-induced hearing loss	query_111	Noise-induced hearing loss / Prevention / Personal noise reduction devices
Noise-induced hearing loss	query_112	Noise-induced hearing loss / Prevention / Education
Noise-induced hearing loss	query_113	Noise-induced hearing loss / Prevention / Personal listening devices
Noise-induced hearing loss	query_114	Noise-induced hearing loss / Prevention / Hearing conservation programs
Noise-induced hearing loss	query_115	Noise-induced hearing loss / Prevention / Other initiatives
Noise-induced hearing loss	query_116	Noise-induced hearing loss / Prevention / Pharmacalogical
Noise-induced hearing loss	query_117	Noise-induced hearing loss / Prevention / Sound or stress training
Noise-induced hearing loss	query_118	Noise-induced hearing loss / Treatment
Noise-induced hearing loss	query_119	Noise-induced hearing loss / Treatment / Acute acoustic trauma
Noise-induced hearing loss	query_120	Noise-induced hearing loss / Treatment / Gradually occurring NIHL
Noise-induced hearing loss	query_121	Noise-induced hearing loss / Management
Noise-induced hearing loss	query_122	Noise-induced hearing loss / Epidemiology
Norepinephrine	query_123	Norepinephrine / Structure
Norepinephrine	query_124	Norepinephrine / Biochemical mechanisms
Norepinephrine	query_125	Norepinephrine / Biochemical mechanisms / Biosynthesis
Norepinephrine	query_126	Norepinephrine / Biochemical mechanisms / Degradation
Norepinephrine	query_127	Norepinephrine / Functions
Norepinephrine	query_128	Norepinephrine / Functions / Cellular effects
Norepinephrine	query_129	Norepinephrine / Functions / Cellular effects / Storage, release, and reuptake
Norepinephrine	query_130	Norepinephrine / Functions / Sympathetic nervous system
Norepinephrine	query_131	Norepinephrine / Functions / Central nervous system
Norepinephrine	query_132	Norepinephrine / Pharmacology
Norepinephrine	query_133	Norepinephrine / Pharmacology / Sympathomimetic and sympatholytic drugs
Norepinephrine	query_134	Norepinephrine / Pharmacology / Beta blockers
Norepinephrine	query_135	Norepinephrine / Pharmacology / Alpha blockers
Norepinephrine	query_136	Norepinephrine / Pharmacology / Alpha-2 agonists
Norepinephrine	query_137	Norepinephrine / Pharmacology / Stimulants and antidepressants
Norepinephrine	query_138	Norepinephrine / Diseases and disorders
Norepinephrine	query_139	Norepinephrine / Diseases and disorders / Sympathetic hyperactivation
Norepinephrine	query_140	Norepinephrine / Diseases and disorders / Pheochromocytoma
Norepinephrine	query_141	Norepinephrine / Diseases and disorders / Stress
Norepinephrine	query_142	Norepinephrine / Diseases and disorders / ADHD
Norepinephrine	query_143	Norepinephrine / Diseases and disorders / Autonomic failure
Norepinephrine	query_144	Norepinephrine / Comparative biology and evolution
Norepinephrine	query_145	Norepinephrine / History
Subprime mortgage crisis	query_146	Subprime mortgage crisis / Background and timeline of events
Subprime mortgage crisis	query_147	Subprime mortgage crisis / Causes
Subprime mortgage crisis	query_148	Subprime mortgage crisis / Causes / Overview
Subprime mortgage crisis	query_149	Subprime mortgage crisis / Causes / Narratives
Subprime mortgage crisis	query_150	Subprime mortgage crisis / Causes / Housing market
Subprime mortgage crisis	query_151	Subprime mortgage crisis / Causes / Housing market / Boom and bust
Subprime mortgage crisis	query_152	Subprime mortgage crisis / Causes / Housing market / Homeowner speculation
Subprime mortgage crisis	query_153	Subprime mortgage crisis / Causes / Housing market / High-risk mortgage loans and lending/borrowing practices
Subprime mortgage crisis	query_154	Subprime mortgage crisis / Causes / Housing market / Subprime mortgage market
Subprime mortgage crisis	query_155	Subprime mortgage crisis / Causes / Housing market / Mortgage fraud and predatory lending
Subprime mortgage crisis	query_156	Subprime mortgage crisis / Causes / Financial markets
Subprime mortgage crisis	query_157	Subprime mortgage crisis / Causes / Financial markets / Boom and collapse of the shadow banking system
Subprime mortgage crisis	query_158	Subprime mortgage crisis / Causes / Financial markets / Securitization
Subprime mortgage crisis	query_159	Subprime mortgage crisis / Causes / Financial markets / Financial institution debt levels and incentives
Subprime mortgage crisis	query_160	Subprime mortgage crisis / Causes / Financial markets / Credit default swaps
Subprime mortgage crisis	query_161	Subprime mortgage crisis / Causes / Financial markets / Inaccurate credit ratings
Subprime mortgage crisis	query_162	Subprime mortgage crisis / Causes / Governmental policies
Subprime mortgage crisis	query_163	Subprime mortgage crisis / Causes / Governmental policies / Decreased regulation of financial institutions
Subprime mortgage crisis	query_164	Subprime mortgage crisis / Causes / Governmental policies / Policies to promote affordable housing
Subprime mortgage crisis	query_165	Subprime mortgage crisis / Causes / Governmental policies / Policies to promote affordable housing / Community Reinvestment Act
Subprime mortgage crisis	query_166	Subprime mortgage crisis / Causes / Governmental policies / State and local governmental programs
Subprime mortgage crisis	query_167	Subprime mortgage crisis / Causes / Role of Fannie Mae and Freddie Mac
Subprime mortgage crisis	query_168	Subprime mortgage crisis / Causes / Other contributing factors
Subprime mortgage crisis	query_169	Subprime mortgage crisis / Causes / Other contributing factors / Policies of central banks
Subprime mortgage crisis	query_170	Subprime mortgage crisis / Causes / Other contributing factors / Mark-to-market accounting rule
Subprime mortgage crisis	query_171	Subprime mortgage crisis / Causes / Other contributing factors / Globalization, technology and the trade deficit
Subprime mortgage crisis	query_172	Subprime mortgage crisis / Subprime mortgage crisis phases
Subprime mortgage crisis	query_173	Subprime mortgage crisis / Subprime mortgage crisis phases / January 2007 to March 2008
Subprime mortgage crisis	query_174	Subprime mortgage crisis / Subprime mortgage crisis phases / April to December 2008
Subprime mortgage crisis	query_175	Subprime mortgage crisis / Impacts
Subprime mortgage crisis	query_176	Subprime mortgage crisis / Impacts / Impact in the U.S.
Subprime mortgage crisis	query_177	Subprime mortgage crisis / Impacts / Impact on Europe
Subprime mortgage crisis	query_178	Subprime mortgage crisis / Impacts / Sustained effects
Subprime mortgage crisis	query_179	Subprime mortgage crisis / Impacts / Sustained effects / Savings surplus or investment deficit
Subprime mortgage crisis	query_180	Subprime mortgage crisis / Impacts / Sustained effects / Sectoral financial balances
Subprime mortgage crisis	query_181	Subprime mortgage crisis / Responses
Subprime mortgage crisis	query_182	Subprime mortgage crisis / Responses / Federal Reserve and central banks
Subprime mortgage crisis	query_183	Subprime mortgage crisis / Responses / Economic stimulus
Subprime mortgage crisis	query_184	Subprime mortgage crisis / Responses / Bank solvency and capital replenishment
Subprime mortgage crisis	query_185	Subprime mortgage crisis / Responses / Bailouts and failures of financial firms
Subprime mortgage crisis	query_186	Subprime mortgage crisis / Responses / Homeowner assistance
Subprime mortgage crisis	query_187	Subprime mortgage crisis / Responses / Homeowner assistance / Homeowners Affordability and Stability Plan
Subprime mortgage crisis	query_188	Subprime mortgage crisis / Responses / Homeowner assistance / Homeowners Affordability and Stability Plan / Failure to securitize
Subprime mortgage crisis	query_189	Subprime mortgage crisis / Regulatory proposals and long-term solutions
Subprime mortgage crisis	query_190	Subprime mortgage crisis / Regulatory proposals and long-term solutions / Law investigations, judicial and other responses
Subprime mortgage crisis	query_191	Subprime mortgage crisis / Regulatory proposals and long-term solutions / Bank fines and penalties
Subprime mortgage crisis	query_192	Subprime mortgage crisis / In popular culture
Subprime mortgage crisis	query_193	Subprime mortgage crisis / Implications
Allergy	query_194	Allergy / Signs and symptoms
Allergy	query_195	Allergy / Signs and symptoms / Skin
Allergy	query_196	Allergy / Cause
Allergy	query_197	Allergy / Cause / Foods
Allergy	query_198	Allergy / Cause / Latex
Allergy	query_199	Allergy / Cause / Medications
Allergy	query_200	Allergy / Cause / Toxins interacting with proteins
Allergy	query_201	Allergy / Cause / Genetics
Allergy	query_202	Allergy / Cause / Hygiene hypothesis
Allergy	query_203	Allergy / Cause / Stress
Allergy	query_204	Allergy / Cause / Other environmental factors
Allergy	query_205	Allergy / Pathophysiology
Allergy	query_206	Allergy / Pathophysiology / Acute response
Allergy	query_207	Allergy / Pathophysiology / Late-phase response
Allergy	query_208	Allergy / Pathophysiology / Allergic contact dermatitis
Allergy	query_209	Allergy / Diagnosis
Allergy	query_210	Allergy / Diagnosis / Skin prick testing
Allergy	query_211	Allergy / Diagnosis / Patch testing
Allergy	query_212	Allergy / Diagnosis / Blood testing
Allergy	query_213	Allergy / Diagnosis / Differential diagnosis
Allergy	query_214	Allergy / Prevention
Allergy	query_215	Allergy / Management
Allergy	query_216	Allergy / Management / Medication
Allergy	query_217	Allergy / Management / Immunotherapy
Allergy	query_218	Allergy / Management / Alternative medicine
Allergy	query_219	Allergy / Epidemiology
Allergy	query_220	Allergy / Epidemiology / Changing frequency
Allergy	query_221	Allergy / History
Allergy	query_222	Allergy / History / Diagnosis
Allergy	query_223	Allergy / Medical specialty
Allergy	query_224	Allergy / Research
Urbanization	query_225	Urbanization / History
Urbanization	query_226	Urbanization / Causes
Urbanization	query_227	Urbanization / Dominant conurbation
Urbanization	query_228	Urbanization / Economic effect
Urbanization	query_229	Urbanization / Environmental effects
Urbanization	query_230	Urbanization / Health and social effects
Urbanization	query_231	Urbanization / Changing forms
Deforestation of the Amazon rainforest	query_232	Deforestation of the Amazon rainforest / History
Deforestation of the Amazon rainforest	query_233	Deforestation of the Amazon rainforest / Causes of deforestation
Deforestation of the Amazon rainforest	query_234	Deforestation of the Amazon rainforest / Slash and Burn
Deforestation of the Amazon rainforest	query_235	Deforestation of the Amazon rainforest / Rates of forest loss
Deforestation of the Amazon rainforest	query_236	Deforestation of the Amazon rainforest / Impact on Indigenous peoples
Deforestation of the Amazon rainforest	query_237	Deforestation of the Amazon rainforest / Future of the Amazon rainforest
Philosophy of human rights	query_238	Philosophy of human rights / Natural rights
Philosophy of human rights	query_239	Philosophy of human rights / Social contract
Philosophy of human rights	query_240	Philosophy of human rights / Reciprocity
Philosophy of human rights	query_241	Philosophy of human rights / Soviet concept of human rights
Philosophy of human rights	query_242	Philosophy of human rights / Other theories of human rights
Philosophy of human rights	query_243	Philosophy of human rights / Critiques of human rights
Philosophy of human rights	query_244	Philosophy of human rights / Critiques of human rights / Edmund Burke on Natural Rights
Philosophy of human rights	query_245	Philosophy of human rights / Critiques of human rights / Jeremy Bentham on natural rights
Philosophy of human rights	query_246	Philosophy of human rights / Critiques of human rights / Marxist Critique of Human Rights
Philosophy of human rights	query_247	Philosophy of human rights / Critiques of human rights / Alasdair MacIntyre on Human Rights
Philosophy of human rights	query_248	Philosophy of human rights / Theory of value and property
Gaffkaemia	query_249	Gaffkaemia / Discovery
Gaffkaemia	query_250	Gaffkaemia / Effects
Gaffkaemia	query_251	Gaffkaemia / Diagnosis
Gaffkaemia	query_252	Gaffkaemia / Virulence
Gaffkaemia	query_253	Gaffkaemia / Control
Ice bath	query_254	Ice bath / Techniques
Ice bath	query_255	Ice bath / Techniques / Bath
Ice bath	query_256	Ice bath / Techniques / Ice bath only versus contrast bath therapy
Ice bath	query_257	Ice bath / Techniques / Temperature and timing
Ice bath	query_258	Ice bath / Techniques / Ice baths versus cold baths
Ice bath	query_259	Ice bath / Effectiveness
Ice bath	query_260	Ice bath / Safety
Ice bath	query_261	Ice bath / History
Sphinx water erosion hypothesis	query_262	Sphinx water erosion hypothesis / Hypothesis
Sphinx water erosion hypothesis	query_263	Sphinx water erosion hypothesis / Response of Egyptologists and archaeologists
Sphinx water erosion hypothesis	query_264	Sphinx water erosion hypothesis / Response of other geologists
Sphinx water erosion hypothesis	query_265	Sphinx water erosion hypothesis / Response of climatologists
Overurbanization	query_266	Overurbanization / Definition
Overurbanization	query_267	Overurbanization / Causes
Overurbanization	query_268	Overurbanization / Causes / The rural-push and urban-pull perspective
Overurbanization	query_269	Overurbanization / Causes / The economic modernization perspective
Overurbanization	query_270	Overurbanization / Causes / The political modernization perspective
Overurbanization	query_271	Overurbanization / Causes / The neo-Malthusian perspective
Overurbanization	query_272	Overurbanization / Causes / The dependency perspective
Overurbanization	query_273	Overurbanization / Effects
Overurbanization	query_274	Overurbanization / Effects / Economic
Overurbanization	query_275	Overurbanization / Effects / Social
Overurbanization	query_276	Overurbanization / Effects / Employment
Overurbanization	query_277	Overurbanization / Proposed solutions
Overurbanization	query_278	Overurbanization / Case studies
Overurbanization	query_279	Overurbanization / Case studies / Egypt
Overurbanization	query_280	Overurbanization / Case studies / South Korea
Gut–brain axis	query_281	Gut–brain axis / Gut flora
Gut–brain axis	query_282	Gut–brain axis / Enteric nervous system
Gut–brain axis	query_283	Gut–brain axis / Gut-brain integration
Gut–brain axis	query_284	Gut–brain axis / Specific conditions
Gut–brain axis	query_285	Gut–brain axis / Specific conditions / Anxiety and mood disorders
Gut–brain axis	query_286	Gut–brain axis / Specific conditions / Schizophrenia
Gut–brain axis	query_287	Gut–brain axis / Specific conditions / Autism
Gut–brain axis	query_288	Gut–brain axis / Specific conditions / Parkinson's disease
Gut–brain axis	query_289	Gut–brain axis / Psychobiotics
Candy making	query_290	Candy making / History
Candy making	query_291	Candy making / Safety
Candy making	query_292	Candy making / Hard candy
Candy making	query_293	Candy making / Hard candy / Sugar stages
Candy making	query_294	Candy making / Soft candy
Candy making	query_295	Candy making / Soft candy / Cotton candy
Candy making	query_296	Candy making / Soft candy / Marshmallows
Candy making	query_297	Candy making / Chocolatiering
Candy making	query_298	Candy making / Tools and machinery
Research in lithium-ion batteries	query_299	Research in lithium-ion batteries / Anode
Research in lithium-ion batteries	query_300	Research in lithium-ion batteries / Anode / Titanium dioxide with aluminum
Research in lithium-ion batteries	query_301	Research in lithium-ion batteries / Anode / Titanium dioxide
Research in lithium-ion batteries	query_302	Research in lithium-ion batteries / Anode / Lithium
Research in lithium-ion batteries	query_303	Research in lithium-ion batteries / Anode / Carbon
Research in lithium-ion batteries	query_304	Research in lithium-ion batteries / Anode / Carbon / Carbon black
Research in lithium-ion batteries	query_305	Research in lithium-ion batteries / Anode / Carbon / Nanotube
Research in lithium-ion batteries	query_306	Research in lithium-ion batteries / Anode / Carbon / Microsheets
Research in lithium-ion batteries	query_307	Research in lithium-ion batteries / Anode / Carbon / Graphene nanofoam
Research in lithium-ion batteries	query_308	Research in lithium-ion batteries / Anode / Carbon / Porous Graphene
Research in lithium-ion batteries	query_309	Research in lithium-ion batteries / Anode / Carbon / Pollen
Research in lithium-ion batteries	query_310	Research in lithium-ion batteries / Anode / Silicon
Research in lithium-ion batteries	query_311	Research in lithium-ion batteries / Anode / Silicon / Carbon cage
Research in lithium-ion batteries	query_312	Research in lithium-ion batteries / Anode / Silicon / Flash heat treatment
Research in lithium-ion batteries	query_313	Research in lithium-ion batteries / Anode / Silicon / Nanowire
Research in lithium-ion batteries	query_314	Research in lithium-ion batteries / Anode / Silicon / Silicon/carbon composite
Research in lithium-ion batteries	query_315	Research in lithium-ion batteries / Anode / Silicon / Nanofiber
Research in lithium-ion batteries	query_316	Research in lithium-ion batteries / Anode / Silicon / Nanoparticle
Research in lithium-ion batteries	query_317	Research in lithium-ion batteries / Anode / Silicon / Sand
Research in lithium-ion batteries	query_318	Research in lithium-ion batteries / Anode / Silicon / Mesoporous sponge
Research in lithium-ion batteries	query_319	Research in lithium-ion batteries / Anode / Silicon / Polymer hydrogel
Research in lithium-ion batteries	query_320	Research in lithium-ion batteries / Anode / Silicon / Silicon oxide-coated silicon nanotube
Research in lithium-ion batteries	query_321	Research in lithium-ion batteries / Anode / Silicon / Si/MgO/graphite
Research in lithium-ion batteries	query_322	Research in lithium-ion batteries / Anode / Silicon / Clusters
Research in lithium-ion batteries	query_323	Research in lithium-ion batteries / Anode / Silicon / Polymer
Research in lithium-ion batteries	query_324	Research in lithium-ion batteries / Anode / Tin
Research in lithium-ion batteries	query_325	Research in lithium-ion batteries / Anode / Nanowire
Research in lithium-ion batteries	query_326	Research in lithium-ion batteries / Anode / Nickel-fluoride
Research in lithium-ion batteries	query_327	Research in lithium-ion batteries / Anode / Copper
Research in lithium-ion batteries	query_328	Research in lithium-ion batteries / Anode / Copper / Nanorods
Research in lithium-ion batteries	query_329	Research in lithium-ion batteries / Anode / Copper / Copper antimonide
Research in lithium-ion batteries	query_330	Research in lithium-ion batteries / Anode / Iron-phosphate
Research in lithium-ion batteries	query_331	Research in lithium-ion batteries / Anode / Lithium metal foil
Research in lithium-ion batteries	query_332	Research in lithium-ion batteries / Anode / Lithium metal foil / Liquid/solid electrolyte
Research in lithium-ion batteries	query_333	Research in lithium-ion batteries / Anode / Lithium metal foil / Solid/solid electrolyte
Research in lithium-ion batteries	query_334	Research in lithium-ion batteries / Anode / Aluminum/titanium
Research in lithium-ion batteries	query_335	Research in lithium-ion batteries / Cathode
Research in lithium-ion batteries	query_336	Research in lithium-ion batteries / Cathode / Vanadium
Research in lithium-ion batteries	query_337	Research in lithium-ion batteries / Cathode / Cobalt
Research in lithium-ion batteries	query_338	Research in lithium-ion batteries / Cathode / Graphene/lithium metal
Research in lithium-ion batteries	query_339	Research in lithium-ion batteries / Cathode / Disordered materials
Research in lithium-ion batteries	query_340	Research in lithium-ion batteries / Cathode / Graphene oxide coated sulfur
Research in lithium-ion batteries	query_341	Research in lithium-ion batteries / Cathode / Nanophosphate
Research in lithium-ion batteries	query_342	Research in lithium-ion batteries / Cathode / Transition-metal Oxides
Research in lithium-ion batteries	query_343	Research in lithium-ion batteries / Cathode / Seawater
Research in lithium-ion batteries	query_344	Research in lithium-ion batteries / Cathode / Purpurin
Research in lithium-ion batteries	query_345	Research in lithium-ion batteries / Cathode / Three-dimensional nanostructure
Research in lithium-ion batteries	query_346	Research in lithium-ion batteries / Cathode / Lithium
Research in lithium-ion batteries	query_347	Research in lithium-ion batteries / Cathode / Lithium / Lithium nickel manganese cobalt oxide
Research in lithium-ion batteries	query_348	Research in lithium-ion batteries / Cathode / Lithium / Lithium iron phosphate
Research in lithium-ion batteries	query_349	Research in lithium-ion batteries / Cathode / Lithium / Lithium manganese silicon oxide
Research in lithium-ion batteries	query_350	Research in lithium-ion batteries / Cathode / Air
Research in lithium-ion batteries	query_351	Research in lithium-ion batteries / Cathode / Analysis technique
Research in lithium-ion batteries	query_352	Research in lithium-ion batteries / Electrolyte
Research in lithium-ion batteries	query_353	Research in lithium-ion batteries / Electrolyte / Additive
Research in lithium-ion batteries	query_354	Research in lithium-ion batteries / Electrolyte / Copper
Research in lithium-ion batteries	query_355	Research in lithium-ion batteries / Electrolyte / Kevlar
Research in lithium-ion batteries	query_356	Research in lithium-ion batteries / Electrolyte / Perfluoropolyether
Research in lithium-ion batteries	query_357	Research in lithium-ion batteries / Electrolyte / Sticky
Research in lithium-ion batteries	query_358	Research in lithium-ion batteries / Electrolyte / Solid-state
Research in lithium-ion batteries	query_359	Research in lithium-ion batteries / Electrolyte / Lithium
Research in lithium-ion batteries	query_360	Research in lithium-ion batteries / Electrolyte / Lithium / Salt
Research in lithium-ion batteries	query_361	Research in lithium-ion batteries / Electrolyte / Lithium / Thiophosphate
Research in lithium-ion batteries	query_362	Research in lithium-ion batteries / Electrolyte / Superhalogen
Research in lithium-ion batteries	query_363	Research in lithium-ion batteries / Design and management
Research in lithium-ion batteries	query_364	Research in lithium-ion batteries / Design and management / Charging
Research in lithium-ion batteries	query_365	Research in lithium-ion batteries / Design and management / Management
Research in lithium-ion batteries	query_366	Research in lithium-ion batteries / Design and management / Management / Durability
Research in lithium-ion batteries	query_367	Research in lithium-ion batteries / Design and management / Management / Thermal
Research in lithium-ion batteries	query_368	Research in lithium-ion batteries / Design and management / Management / Flexibility
Research in lithium-ion batteries	query_369	Research in lithium-ion batteries / Design and management / Management / Volume Expansion
Research in lithium-ion batteries	query_370	Research in lithium-ion batteries / Nanotechnology
Radiocarbon dating considerations	query_371	Radiocarbon dating considerations / Atmospheric variation
Radiocarbon dating considerations	query_372	Radiocarbon dating considerations / Atmospheric variation / Variations in  production
Radiocarbon dating considerations	query_373	Radiocarbon dating considerations / Atmospheric variation / Effect of climatic cycles
Radiocarbon dating considerations	query_374	Radiocarbon dating considerations / Atmospheric variation / Effects of human activity
Radiocarbon dating considerations	query_375	Radiocarbon dating considerations / Isotopic fractionation
Radiocarbon dating considerations	query_376	Radiocarbon dating considerations / Reservoir effects
Radiocarbon dating considerations	query_377	Radiocarbon dating considerations / Reservoir effects / Marine effect
Radiocarbon dating considerations	query_378	Radiocarbon dating considerations / Reservoir effects / Hard water effect
Radiocarbon dating considerations	query_379	Radiocarbon dating considerations / Reservoir effects / Volcanoes
Radiocarbon dating considerations	query_380	Radiocarbon dating considerations / Reservoir effects / Hemisphere effect
Radiocarbon dating considerations	query_381	Radiocarbon dating considerations / Reservoir effects / Island effect
Radiocarbon dating considerations	query_382	Radiocarbon dating considerations / Contamination
Irritable bowel syndrome	query_383	Irritable bowel syndrome / Classification
Irritable bowel syndrome	query_384	Irritable bowel syndrome / Signs and symptoms
Irritable bowel syndrome	query_385	Irritable bowel syndrome / Cause
Irritable bowel syndrome	query_386	Irritable bowel syndrome / Cause / Post-infectious
Irritable bowel syndrome	query_387	Irritable bowel syndrome / Cause / Stress
Irritable bowel syndrome	query_388	Irritable bowel syndrome / Cause / Bacteria
Irritable bowel syndrome	query_389	Irritable bowel syndrome / Cause / Fungus
Irritable bowel syndrome	query_390	Irritable bowel syndrome / Cause / Protozoa
Irritable bowel syndrome	query_391	Irritable bowel syndrome / Mechanism
Irritable bowel syndrome	query_392	Irritable bowel syndrome / Diagnosis
Irritable bowel syndrome	query_393	Irritable bowel syndrome / Diagnosis / Differential diagnosis
Irritable bowel syndrome	query_394	Irritable bowel syndrome / Diagnosis / Investigations
Irritable bowel syndrome	query_395	Irritable bowel syndrome / Diagnosis / Misdiagnosis
Irritable bowel syndrome	query_396	Irritable bowel syndrome / Diagnosis / Comorbidities
Irritable bowel syndrome	query_397	Irritable bowel syndrome / Management
Irritable bowel syndrome	query_398	Irritable bowel syndrome / Management / Diet
Irritable bowel syndrome	query_399	Irritable bowel syndrome / Management / Diet / FODMAPs diet
Irritable bowel syndrome	query_400	Irritable bowel syndrome / Management / Diet / Fiber
Irritable bowel syndrome	query_401	Irritable bowel syndrome / Management / Medication
Irritable bowel syndrome	query_402	Irritable bowel syndrome / Management / Medication / Laxatives
Irritable bowel syndrome	query_403	Irritable bowel syndrome / Management / Medication / Antispasmodics
Irritable bowel syndrome	query_404	Irritable bowel syndrome / Management / Medication / Discontinuation of proton pump inhibitors
Irritable bowel syndrome	query_405	Irritable bowel syndrome / Management / Medication / Tricyclic antidepressants
Irritable bowel syndrome	query_406	Irritable bowel syndrome / Management / Medication / Serotonin agonists
Irritable bowel syndrome	query_407	Irritable bowel syndrome / Management / Medication / Serotonin antagonists
Irritable bowel syndrome	query_408	Irritable bowel syndrome / Management / Medication / Other agents
Irritable bowel syndrome	query_409	Irritable bowel syndrome / Management / Medication / SIBO therapy
Irritable bowel syndrome	query_410	Irritable bowel syndrome / Management / Psychological therapies
Irritable bowel syndrome	query_411	Irritable bowel syndrome / Management / Stress relief
Irritable bowel syndrome	query_412	Irritable bowel syndrome / Management / Stress relief / Probiotics
Irritable bowel syndrome	query_413	Irritable bowel syndrome / Management / Stress relief / Herbal remedies
Irritable bowel syndrome	query_414	Irritable bowel syndrome / Management / Stress relief / Yoga
Irritable bowel syndrome	query_415	Irritable bowel syndrome / Management / Stress relief / Acupuncture
Irritable bowel syndrome	query_416	Irritable bowel syndrome / Epidemiology
Irritable bowel syndrome	query_417	Irritable bowel syndrome / Epidemiology / Gender
Irritable bowel syndrome	query_418	Irritable bowel syndrome / History
Irritable bowel syndrome	query_419	Irritable bowel syndrome / Economics
Irritable bowel syndrome	query_420	Irritable bowel syndrome / Economics / United States
Irritable bowel syndrome	query_421	Irritable bowel syndrome / Research
Egg white	query_422	Egg white / Composition
Egg white	query_423	Egg white / Foam
Egg white	query_424	Egg white / Foam / Stabilizing foam for culinary purposes
Egg white	query_425	Egg white / Foam / Stabilizing foam for culinary purposes / Copper bowl
Egg white	query_426	Egg white / Health issues
Egg white	query_427	Egg white / Uses
Egg white	query_428	Egg white / Works cited
Fight-or-flight response	query_429	Fight-or-flight response / Physiology
Fight-or-flight response	query_430	Fight-or-flight response / Physiology / Autonomic nervous system
Fight-or-flight response	query_431	Fight-or-flight response / Physiology / Autonomic nervous system / Sympathetic nervous system
Fight-or-flight response	query_432	Fight-or-flight response / Physiology / Autonomic nervous system / Parasympathetic nervous system
Fight-or-flight response	query_433	Fight-or-flight response / Physiology / Reaction
Fight-or-flight response	query_434	Fight-or-flight response / Physiology / Function of physiological changes
Fight-or-flight response	query_435	Fight-or-flight response / Emotional components
Fight-or-flight response	query_436	Fight-or-flight response / Emotional components / Emotion regulation
Fight-or-flight response	query_437	Fight-or-flight response / Emotional components / Emotional reactivity
Fight-or-flight response	query_438	Fight-or-flight response / Cognitive components
Fight-or-flight response	query_439	Fight-or-flight response / Cognitive components / Content specificity
Fight-or-flight response	query_440	Fight-or-flight response / Cognitive components / Perception of control
Fight-or-flight response	query_441	Fight-or-flight response / Cognitive components / Social information processing
Fight-or-flight response	query_442	Fight-or-flight response / Other animals
Fight-or-flight response	query_443	Fight-or-flight response / Other animals / Evolutionary perspective
Fight-or-flight response	query_444	Fight-or-flight response / Other animals / Examples
Fight-or-flight response	query_445	Fight-or-flight response / Other animals / Varieties of responses
Theory of mind	query_446	Theory of mind / Definition
Theory of mind	query_447	Theory of mind / Philosophical and psychological roots
Theory of mind	query_448	Theory of mind / Development
Theory of mind	query_449	Theory of mind / Development / Language
Theory of mind	query_450	Theory of mind / Empirical investigation
Theory of mind	query_451	Theory of mind / Empirical investigation / False-belief task
Theory of mind	query_452	Theory of mind / Empirical investigation / Unexpected contents
Theory of mind	query_453	Theory of mind / Empirical investigation / Other tasks
Theory of mind	query_454	Theory of mind / Empirical investigation / Early precursors
Theory of mind	query_455	Theory of mind / Deficits
Theory of mind	query_456	Theory of mind / Deficits / Autism
Theory of mind	query_457	Theory of mind / Deficits / Schizophrenia
Theory of mind	query_458	Theory of mind / Deficits / Alcohol use disorders
Theory of mind	query_459	Theory of mind / Deficits / Depression and dysphoria
Theory of mind	query_460	Theory of mind / Deficits / Specific language impairment
Theory of mind	query_461	Theory of mind / Brain mechanisms
Theory of mind	query_462	Theory of mind / Brain mechanisms / In typically developing humans
Theory of mind	query_463	Theory of mind / Brain mechanisms / In autism
Theory of mind	query_464	Theory of mind / Brain mechanisms / In schizophrenia
Theory of mind	query_465	Theory of mind / Practical validity
Theory of mind	query_466	Theory of mind / Non-human
Water intoxication	query_467	Water intoxication / Risk factors
Water intoxication	query_468	Water intoxication / Risk factors / Low body mass (infants)
Water intoxication	query_469	Water intoxication / Risk factors / Endurance sports
Water intoxication	query_470	Water intoxication / Risk factors / Overexertion and heat stress
Water intoxication	query_471	Water intoxication / Risk factors / Psychiatric conditions
Water intoxication	query_472	Water intoxication / Risk factors / Iatrogenic
Water intoxication	query_473	Water intoxication / Pathophysiology
Water intoxication	query_474	Water intoxication / Prevention
Water intoxication	query_475	Water intoxication / Treatment
Water intoxication	query_476	Water intoxication / Notable cases
